num,stage_Type,mission_1,clear_1,mission_2,clear_2,mission_3,clear_3,random_block_1,block_count_1,block_hp_1,random_block_2,block_count_2,block_hp_2,random_block_3,block_count_3,block_hp_3,star_1,reward_1,star_2,reward_2,star_3,reward_3
1,0,1,300,0,0,0,0,0,0,0,0,0,0,0,0,0,0,0,0,0,1,1
2,0,1,300,0,0,0,0,0,0,0,0,0,0,0,0,0,0,0,0,0,1,2
3,0,8,4,0,0,0,0,7,4,1,0,0,0,0,0,0,0,0,0,0,1,2
4,0,1,400,0,0,0,0,0,0,0,0,0,0,0,0,0,0,0,0,0,3,2
5,0,1,400,0,0,0,0,0,0,0,0,0,0,0,0,0,0,0,0,0,5,2
6,0,1,1000,0,0,0,0,0,0,0,0,0,0,0,0,0,0,0,0,0,2,3
7,0,1,400,0,0,0,0,0,0,0,0,0,0,0,0,0,0,0,0,0,4,3
8,1,2,3,0,0,0,0,0,0,0,0,0,0,0,0,0,1,1,1,1,1,1
9,1,3,1,4,1,0,0,0,0,0,0,0,0,0,0,0,1,1,1,1,1,2
10,1,4,2,6,2,0,0,0,0,0,0,0,0,0,0,0,1,1,1,1,1,3
11,1,5,2,2,2,3,2,0,0,0,0,0,0,0,0,0,1,1,1,1,1,4
12,1,6,3,4,3,2,3,0,0,0,0,0,0,0,0,0,1,1,1,1,1,5
13,1,1,1500,0,0,0,0,0,0,0,0,0,0,0,0,0,1,1,1,1,2,1
14,1,7,3,2,3,10,60,6,3,0,1,3,0,0,0,0,1,1,1,1,2,2
15,1,8,3,0,0,0,0,7,3,0,0,0,0,0,0,0,1,1,1,1,2,3
16,1,8,4,3,5,0,0,7,4,0,0,0,0,0,0,0,1,1,1,1,2,4
17,1,1,2000,3,5,0,0,8,3,9999,2,5,0,0,0,0,1,1,1,1,2,5
18,1,7,5,5,3,3,5,0,0,0,0,0,0,0,0,0,1,1,1,1,2,1
19,1,5,5,4,5,2,5,0,0,0,0,0,0,0,0,0,1,1,1,1,2,2
20,1,1,2500,0,0,0,0,0,0,0,0,0,0,0,0,0,1,1,1,1,2,3
21,1,6,5,5,5,3,5,0,0,0,0,0,0,0,0,0,1,1,1,1,2,4
22,1,7,5,6,5,4,5,0,0,0,0,0,0,0,0,0,1,1,1,1,2,5
23,1,8,4,7,5,2,5,7,4,0,6,5,0,1,5,0,1,1,1,1,2,1
24,1,5,3,10,60,1,1000,4,3,0,0,0,0,0,0,0,1,1,1,1,2,2
25,1,2,5,8,4,6,5,7,4,0,9,1,14,0,0,0,1,1,1,1,2,3
26,1,3,5,4,5,5,5,3,5,1,0,0,0,0,0,0,1,1,1,1,2,4
27,1,6,5,2,10,4,5,1,5,1,5,5,0,0,0,0,1,1,1,1,2,5
28,1,6,5,3,10,5,5,0,0,0,0,0,0,0,0,0,1,1,1,1,2,1
29,1,5,5,4,10,6,5,2,3,1,3,3,1,0,0,0,1,1,1,1,2,2
30,1,3,5,5,10,7,5,4,2,1,5,2,1,0,3,1,1,1,1,1,2,3
31,1,8,4,6,10,2,5,7,4,0,5,4,2,0,0,0,1,1,1,1,2,4
32,1,3,5,7,10,4,5,0,0,0,0,0,0,0,0,0,1,1,1,1,2,5
33,1,10,180,3,5,4,5,0,0,0,0,0,0,0,0,0,1,1,1,1,2,1
34,1,6,5,7,10,5,5,9,2,14,0,0,0,0,0,0,1,1,1,1,2,2
35,1,2,5,4,10,6,5,0,0,0,9,2,14,0,0,0,1,1,1,1,2,3
36,1,3,5,6,10,7,5,0,0,0,0,0,0,0,0,0,1,1,1,1,2,4
37,1,4,5,3,10,2,5,2,2,4,0,0,0,0,0,0,1,1,1,1,2,5
38,1,5,5,2,8,3,5,0,0,0,9,2,14,0,0,0,1,1,1,1,2,1
39,1,6,5,7,10,4,7,0,0,0,0,0,0,0,0,0,1,1,1,1,2,2
40,1,7,5,2,10,5,5,9,3,14,0,0,0,0,0,0,1,1,1,1,2,3
41,1,8,6,5,10,6,5,7,6,0,9,3,14,0,0,0,1,1,1,1,2,4
42,1,3,7,6,10,7,7,0,0,0,0,0,0,0,0,0,1,1,1,1,2,5
43,1,10,120,1,3000,0,0,8,3,9999,0,0,0,0,0,0,1,1,1,1,2,1
44,1,2,5,6,5,3,5,1,5,0,5,5,0,0,0,0,1,1,1,1,2,2
45,1,3,7,2,7,4,7,2,3,1,1,1,3,3,3,1,1,1,1,1,2,3
46,1,4,6,3,8,5,6,3,3,1,2,4,1,4,2,1,1,1,1,1,2,4
47,1,5,10,4,10,0,0,4,2,4,3,5,1,0,0,0,1,1,1,1,2,5
48,1,6,10,5,5,3,5,5,2,4,4,5,0,2,5,0,1,1,1,1,2,1
49,1,7,6,6,6,3,6,6,2,2,5,2,2,8,2,9999,1,1,1,1,2,2
50,1,8,10,7,5,2,5,7,5,1,6,4,0,1,4,0,1,1,5,1,2,3
51,1,5,10,10,120,1,2000,4,5,1,8,2,9999,0,0,0,2,1,4,1,2,4
52,1,2,6,8,6,4,6,1,6,0,7,6,0,0,0,0,3,1,3,1,2,5
53,1,3,10,4,10,0,0,9,1,14,3,2,4,0,0,0,4,1,2,1,2,1
54,1,4,10,2,10,0,0,3,5,1,9,2,14,1,1,3,5,1,1,2,2,2
55,1,5,10,3,10,0,0,4,3,2,2,2,1,2,2,4,1,1,5,1,2,3
56,1,6,10,4,10,0,0,3,2,4,5,2,4,8,2,9999,2,1,4,1,2,4
57,1,7,10,5,10,0,0,8,2,9999,4,5,1,0,0,0,3,1,3,1,2,5
58,1,8,10,6,5,2,5,7,5,1,9,2,14,0,0,0,4,1,2,1,2,1
59,1,3,5,7,5,4,5,8,4,9999,0,0,0,0,0,0,5,1,1,2,2,2
60,1,10,120,4,10,3,5,3,5,1,2,2,1,2,1,0,1,1,5,1,2,3
61,1,2,10,7,10,5,10,9,3,10,0,0,0,0,0,0,2,1,4,1,2,4
62,1,3,10,1,3000,6,10,2,5,1,5,2,4,0,0,0,3,1,3,1,2,5
63,1,4,10,3,10,7,10,3,5,1,2,2,4,0,0,0,4,1,2,1,2,1
64,1,5,10,4,10,2,10,4,2,4,1,5,0,0,0,0,5,1,1,2,2,2
65,1,6,10,5,10,3,10,5,5,2,4,2,4,0,0,0,1,1,5,1,2,3
66,1,7,10,6,10,4,10,9,3,14,0,0,0,0,0,0,2,1,4,1,2,4
67,1,8,10,7,10,5,10,7,5,1,8,4,9999,0,0,0,3,1,3,1,2,5
68,1,5,10,2,10,6,10,4,5,2,1,5,2,0,0,0,4,1,2,1,2,1
69,1,3,12,6,5,7,10,2,4,3,5,5,1,0,0,0,5,1,1,2,2,2
70,1,1,4000,8,4,2,5,7,4,0,0,0,2,1,5,1,1,1,5,1,2,3
71,1,10,120,6,10,3,10,5,5,2,2,5,2,0,0,0,2,1,4,1,2,4
72,1,10,120,2,12,4,10,1,2,4,3,5,2,0,0,0,3,1,3,1,2,5
73,1,4,6,3,12,5,12,3,2,3,2,4,3,0,0,0,4,1,2,1,3,1
74,1,5,6,4,6,8,10,7,5,1,3,2,3,0,0,0,5,1,1,2,3,2
75,1,6,6,5,6,3,6,0,0,0,0,0,0,0,0,0,1,1,5,1,3,3
76,1,7,10,6,10,2,10,6,2,4,5,2,4,0,0,0,2,1,4,1,3,4
77,1,8,12,7,6,5,6,7,6,1,6,2,3,0,0,0,3,1,3,1,3,5
78,1,5,10,10,90,1,3000,4,5,1,0,0,0,0,0,0,4,1,2,1,3,1
79,1,2,7,8,6,6,10,7,3,1,0,0,0,0,0,0,5,1,1,2,3,2
80,1,3,10,4,10,5,10,2,2,4,3,2,4,0,0,0,1,1,5,1,3,3
81,1,4,10,2,10,4,10,5,2,4,6,2,4,0,0,0,2,1,4,1,3,4
82,1,5,4,3,4,10,60,2,2,1,3,2,1,0,0,0,3,1,3,1,3,5
83,1,6,5,4,5,7,6,6,1,4,2,1,4,4,1,4,4,1,2,1,3,1
84,1,7,6,5,6,3,6,8,4,9999,4,6,0,2,6,0,5,1,1,2,3,2
85,1,8,6,6,6,2,6,8,4,9999,7,6,0,1,6,0,1,1,5,1,3,3
86,1,3,6,7,6,4,6,8,4,9999,6,6,0,3,6,0,2,1,4,1,3,4
87,1,10,60,4,6,2,6,8,4,9999,3,6,0,1,6,0,3,1,3,1,3,5
88,1,10,60,7,3,5,3,6,3,0,4,3,0,0,0,0,4,1,2,1,3,1
89,1,10,60,2,3,6,3,1,3,0,5,3,0,8,3,9999,5,1,1,2,3,2
90,1,10,60,3,3,7,3,2,3,0,6,3,0,8,3,9999,1,1,5,1,3,3
91,1,10,60,4,3,2,3,4,4,0,2,3,0,8,3,9999,2,1,4,1,3,4
92,1,10,60,5,4,3,4,6,4,0,3,4,0,8,4,9999,3,1,3,1,3,5
93,1,10,60,6,4,4,4,5,4,0,3,4,0,8,4,9999,4,1,2,1,3,1
94,1,10,60,7,4,5,4,6,4,0,4,4,0,8,4,9999,5,1,1,2,3,2
95,1,10,60,8,4,6,4,7,4,0,5,4,0,8,5,9999,1,1,5,1,3,3
96,1,10,60,3,4,7,4,2,4,0,6,4,0,8,5,9999,2,1,4,1,3,4
97,1,10,90,1,3500,0,0,8,5,9999,0,0,0,0,0,0,3,1,3,1,3,5
98,1,10,90,4,6,6,6,8,4,9999,3,3,1,5,3,1,4,1,2,1,3,1
99,1,10,90,3,6,2,6,8,4,9999,2,3,1,1,3,1,5,1,1,2,3,2
100,1,4,12,2,12,4,12,8,4,9999,0,0,0,0,0,0,1,1,5,1,3,3
101,1,6,8,5,7,8,12,5,5,1,4,2,5,7,4,2,2,1,4,1,3,4
102,1,2,9,3,8,1,4000,1,2,5,2,2,5,0,0,0,3,1,3,1,3,5
103,1,4,10,5,9,6,7,3,2,5,4,2,5,0,0,0,4,1,2,1,3,1
104,1,2,10,3,10,7,8,1,2,5,2,2,5,0,0,0,5,1,1,2,3,2
105,1,6,12,5,11,2,9,5,2,5,4,2,5,0,0,0,1,1,5,1,3,3
106,1,1,3700,2,12,6,11,1,2,2,5,2,2,0,0,0,2,1,4,1,3,4
107,1,10,90,4,2,2,4,3,1,1,1,2,1,0,0,0,3,1,3,1,3,5
108,1,10,90,7,2,5,4,6,1,1,4,2,1,8,2,9999,4,1,2,1,3,1
109,1,10,90,2,4,6,6,1,2,1,5,2,2,8,2,9999,5,1,1,2,3,2
110,1,10,90,3,4,7,6,2,2,1,6,2,2,8,3,9999,1,1,5,1,3,3
111,1,10,90,4,6,2,6,3,3,1,1,2,2,8,3,9999,2,1,4,1,3,4
112,1,10,90,5,6,3,8,4,2,2,2,1,5,8,4,9999,3,1,3,1,3,5
113,1,10,90,6,8,4,8,5,4,1,3,4,1,8,4,9999,4,1,2,1,3,1
114,1,10,80,7,8,5,10,6,1,5,4,2,4,8,5,9999,5,1,1,2,3,2
115,1,10,90,1,3200,8,4,8,5,9999,7,4,0,0,8,0,1,1,5,1,3,3
116,1,10,90,1,3200,6,6,8,5,9999,5,2,2,0,0,0,2,1,4,1,3,4
117,1,10,90,1,3200,7,8,8,5,9999,6,4,1,0,0,0,3,1,3,1,3,5
118,1,10,90,1,3200,8,8,8,6,9999,7,4,1,0,0,0,4,1,2,1,3,1
119,1,10,90,1,3200,0,0,8,6,9999,9,2,11,0,0,0,5,1,1,2,3,2
120,1,10,90,1,3500,2,8,1,4,1,0,0,0,0,0,0,1,1,5,1,3,3
121,1,10,90,1,3700,0,0,9,4,14,0,0,0,0,0,0,2,1,4,1,3,4
122,1,6,8,5,6,8,12,8,4,9999,7,3,3,5,4,2,3,1,3,1,3,5
123,1,2,8,3,6,1,3500,8,5,9999,2,2,2,1,4,2,4,1,2,1,3,1
124,1,4,8,5,6,6,10,8,5,9999,3,4,1,5,5,1,5,1,1,2,3,2
125,1,2,8,3,6,7,10,8,5,9999,1,4,1,6,5,1,1,1,5,1,3,3
126,1,6,8,5,6,2,10,8,5,9999,5,4,1,5,5,1,2,1,4,1,3,4
127,1,8,8,2,6,6,10,8,5,9999,7,4,1,5,5,1,3,1,3,1,3,5
128,1,10,150,5,8,8,4,8,2,9999,7,2,1,4,3,4,4,1,2,1,3,1
129,1,10,150,3,8,1,3000,8,2,9999,2,4,1,0,0,0,5,1,1,2,3,2
130,1,10,150,5,8,4,12,8,3,9999,4,3,1,3,3,3,1,1,5,1,3,3
131,1,10,150,3,8,6,12,8,3,9999,5,3,1,2,5,1,2,1,4,1,3,4
132,1,10,150,5,8,7,12,8,4,9999,6,3,1,4,5,1,3,1,3,1,3,5
133,1,10,150,2,8,3,12,8,5,9999,2,2,1,1,5,1,4,1,2,1,3,1
134,1,1,5000,6,8,0,0,8,6,9999,5,5,1,0,0,0,5,1,1,2,3,2
135,1,8,12,2,8,6,10,8,5,9999,7,6,1,9,3,11,1,1,5,1,3,3
136,1,10,180,5,15,8,15,8,3,9999,7,5,2,0,0,0,2,1,4,1,3,4
137,1,6,15,3,15,1,3000,8,3,9999,9,3,14,5,5,2,3,1,3,1,3,5
138,1,7,15,5,15,4,15,8,4,9999,9,3,14,6,5,2,4,1,2,1,3,1
139,1,4,15,3,15,6,15,8,4,9999,9,3,14,3,5,2,5,1,1,2,3,2
140,1,6,15,5,15,7,15,8,5,9999,9,4,14,5,5,2,1,1,5,1,3,3
141,1,7,15,2,15,1,4500,8,5,9999,9,4,14,6,5,2,2,1,4,1,3,4
142,1,10,200,3,15,1,3500,8,6,9999,1,5,2,0,0,0,3,1,3,1,3,5
143,1,10,200,5,15,8,12,8,6,9999,3,5,2,7,4,2,4,1,2,1,3,1
144,1,10,200,3,15,6,15,8,5,9999,4,5,2,5,5,2,5,1,1,2,3,2
145,1,10,200,5,15,7,15,8,5,9999,2,5,2,6,5,2,1,1,5,1,3,3
146,1,10,200,2,15,3,15,8,6,9999,1,5,2,2,5,2,2,1,4,1,3,4
147,1,3,20,8,15,0,0,7,5,2,0,0,0,8,3,9999,3,1,3,1,3,5
148,1,5,20,8,15,0,0,7,5,2,0,0,0,8,3,9999,4,1,2,1,3,1
149,1,2,20,8,15,0,0,7,5,2,0,0,0,8,3,9999,5,1,1,2,3,2
150,1,5,15,1,4000,8,10,7,5,1,8,5,9999,0,0,0,1,1,5,2,3,3
151,1,3,20,1,4000,8,12,8,5,9999,7,6,1,0,0,0,2,1,4,2,5,4
152,1,5,20,1,4500,2,12,8,5,9999,0,0,0,0,0,0,3,1,3,2,5,5
153,1,3,20,1,4500,7,12,8,5,9999,0,0,0,0,0,0,4,1,2,2,5,1
154,1,5,15,1,5000,8,15,8,6,9999,7,5,2,0,0,0,5,1,1,4,5,2
155,1,2,20,1,5000,6,15,8,6,9999,0,0,0,0,0,0,1,1,5,2,5,3
156,1,6,20,1,5500,7,20,8,6,9999,0,0,0,9,3,11,2,1,4,2,5,4
157,1,2,20,1,5500,3,20,8,7,9999,0,0,0,9,3,11,3,1,3,2,5,5
158,1,5,15,8,15,0,0,8,7,9999,7,5,2,9,3,11,4,1,2,2,5,1
159,1,3,15,8,15,0,0,8,7,9999,7,5,2,0,0,0,5,1,1,4,5,2
160,1,5,15,8,15,0,0,8,8,9999,7,5,2,0,0,0,1,1,5,2,5,3
161,1,6,12,3,12,1,3000,5,4,2,2,4,2,5,4,2,2,1,4,2,5,4
162,1,7,15,5,15,4,15,6,5,2,4,5,2,6,5,2,3,1,3,2,5,5
163,1,10,180,1,4500,8,12,7,4,2,8,6,9999,7,4,2,4,1,2,2,5,1
164,1,3,10,5,15,0,0,4,5,2,2,2,4,0,0,0,5,1,1,4,5,2
165,1,5,10,6,15,0,0,5,5,2,4,2,4,0,0,0,1,1,5,2,5,3
166,1,2,10,4,15,0,0,3,5,2,1,2,4,0,0,0,2,1,4,2,5,4
167,1,10,180,1,3000,2,15,8,4,9999,0,0,0,1,5,2,3,1,3,2,5,5
168,1,10,180,1,3000,7,15,8,4,9999,0,0,0,6,5,2,4,1,2,2,5,1
169,1,7,10,5,15,4,10,8,5,9999,6,4,4,0,0,0,5,1,1,4,5,2
170,1,3,10,2,15,6,10,8,5,9999,2,4,4,0,0,0,1,1,5,2,5,3
171,1,6,10,3,15,1,3500,8,5,9999,2,5,2,0,0,0,2,1,4,2,5,4
172,1,7,20,5,15,4,15,6,5,2,4,5,2,8,3,9999,3,1,3,2,5,5
173,1,2,20,1,3000,8,15,8,4,9999,7,5,2,0,0,0,4,1,2,2,5,1
174,1,3,10,7,15,10,180,8,5,9999,2,5,2,6,5,2,5,1,1,4,5,2
175,1,5,10,6,15,10,180,8,5,9999,4,5,2,5,5,2,1,1,5,2,5,3
176,1,2,10,4,15,10,180,8,5,9999,1,5,2,3,5,2,2,1,4,2,5,4
177,1,10,180,0,0,2,20,8,3,9999,0,0,0,1,5,3,3,1,3,2,5,5
178,1,10,180,0,0,7,20,8,3,9999,0,0,0,6,5,3,4,1,2,2,5,1
179,1,7,20,5,20,4,20,8,5,9999,3,4,4,4,4,4,5,1,1,4,5,2
180,1,3,20,2,20,6,20,8,5,9999,2,4,4,1,4,4,1,1,5,2,5,3
181,1,6,10,3,10,1,4000,8,4,9999,9,5,14,0,0,0,2,1,4,2,5,4
182,1,7,12,5,10,8,12,8,4,9999,9,5,14,7,3,3,3,1,3,2,5,5
183,1,2,12,1,3500,8,12,8,4,9999,7,4,2,0,0,0,4,1,2,2,5,1
184,1,3,8,7,10,10,180,8,5,9999,9,5,14,0,0,0,5,1,1,4,5,2
185,1,5,10,6,12,10,180,8,5,9999,9,5,14,0,0,0,1,1,5,2,5,3
186,1,2,12,4,15,10,180,8,5,9999,9,5,14,0,0,0,2,1,4,2,5,4
187,1,0,0,0,0,2,25,8,5,9999,9,3,11,0,0,0,3,1,3,2,5,5
188,1,0,0,0,0,7,25,8,5,9999,9,4,11,0,0,0,4,1,2,2,5,1
189,1,7,12,5,15,4,20,8,5,9999,9,3,11,0,0,0,5,1,1,4,5,2
190,1,3,12,2,15,6,20,8,5,9999,9,3,11,0,0,0,1,1,5,2,5,3
191,1,8,10,3,10,1,3500,7,5,1,8,7,9999,0,0,0,2,1,4,2,5,4
192,1,7,12,5,10,4,10,8,6,9999,0,0,0,0,0,0,3,1,3,2,5,5
193,1,2,12,1,2500,8,20,8,6,9999,7,5,3,0,0,0,4,1,2,2,5,1
194,1,8,6,1,2500,10,200,8,6,9999,9,4,11,7,6,0,5,1,1,4,5,2
195,1,7,6,1,3000,10,90,8,6,9999,6,3,1,0,0,0,1,1,5,2,5,3
196,1,5,6,1,3000,10,90,8,7,9999,4,3,1,0,0,0,2,1,4,2,5,4
197,1,10,120,1,3000,6,10,8,7,9999,5,5,1,0,0,0,3,1,3,2,5,5
198,1,5,12,1,4000,7,25,8,7,9999,9,4,11,0,0,0,4,1,2,2,5,1
199,1,7,10,5,15,4,15,8,3,9999,0,0,0,0,0,0,5,1,1,4,5,2
200,1,3,15,2,15,6,15,8,3,9999,9,4,11,0,0,0,1,1,5,2,5,3
201,1,10,150,2,7,5,5,8,4,9999,9,4,11,0,0,0,2,1,4,2,5,4
202,1,10,150,5,7,6,7,8,4,9999,9,3,11,0,0,0,3,1,3,2,5,5
203,1,10,150,6,7,7,10,8,5,9999,0,0,0,0,0,0,4,1,2,2,5,1
204,1,10,150,1,3000,0,0,8,5,9999,0,0,0,0,0,0,5,1,1,4,5,2
205,1,10,150,6,4,3,4,8,6,9999,2,4,0,5,4,0,1,1,5,2,5,3
206,1,10,150,2,6,4,6,8,6,9999,3,3,1,1,1,2,2,1,4,2,5,4
207,1,10,150,3,8,5,6,8,7,9999,2,4,1,4,2,2,3,1,3,2,5,5
208,1,10,150,4,10,0,0,8,7,9999,3,5,1,0,0,0,4,1,2,2,5,1
209,1,10,150,5,4,3,4,8,5,9999,5,2,1,4,2,1,5,1,1,4,5,2
210,1,10,150,6,6,3,6,8,5,9999,5,2,2,2,2,2,1,1,5,2,5,3
211,1,10,150,7,5,2,5,6,5,0,1,5,0,9,4,11,2,1,4,2,5,4
212,1,10,150,5,10,1,2000,4,5,1,8,6,9999,0,0,0,3,1,3,2,5,5
213,1,10,150,8,6,4,6,3,6,0,7,6,0,0,0,0,4,1,2,2,5,1
214,1,10,150,4,10,0,0,9,3,14,3,2,4,0,0,0,5,1,1,4,5,2
215,1,10,150,2,10,0,0,3,5,1,9,4,14,1,5,1,1,1,5,2,5,3
216,1,10,150,5,10,0,0,4,3,2,9,2,14,0,0,0,2,1,4,2,5,4
217,1,10,150,4,10,0,0,3,2,4,9,2,14,8,5,9999,3,1,3,2,5,5
218,1,10,150,5,10,0,0,8,5,9999,4,5,1,0,0,0,4,1,2,2,5,1
219,1,10,150,6,5,2,5,7,5,1,9,2,14,0,0,0,5,1,1,4,5,2
220,1,10,150,7,5,4,5,8,3,9999,0,0,0,0,0,0,1,1,5,2,5,3
221,1,10,150,4,10,3,5,3,5,1,2,5,0,8,3,9999,2,1,4,2,5,4
222,1,10,150,7,10,5,10,9,3,11,0,0,0,0,0,0,3,1,3,2,5,5
223,1,10,150,1,3000,6,10,2,5,1,5,2,4,0,0,0,4,1,2,2,5,1
224,1,10,150,3,10,7,10,3,5,1,2,2,4,0,0,0,5,1,1,4,5,2
225,1,10,150,4,10,2,10,4,2,4,1,5,0,0,0,0,1,1,5,2,5,3
226,1,10,150,5,6,3,6,4,2,2,2,2,2,0,0,0,2,1,4,2,5,4
227,1,10,150,6,6,4,6,9,3,11,5,2,2,3,2,2,3,1,3,2,5,5
228,1,10,150,7,6,5,6,6,2,2,8,4,9999,0,0,0,4,1,2,2,5,1
229,1,10,150,2,6,6,6,4,2,2,1,2,2,0,0,0,5,1,1,4,5,2
230,1,10,150,6,6,7,6,2,2,2,5,2,2,0,0,0,1,1,5,2,5,3
231,1,10,120,4,8,2,6,3,4,1,1,4,1,9,2,14,2,1,4,2,5,4
232,1,10,120,7,8,5,6,6,4,1,4,4,1,8,2,9999,3,1,3,2,5,5
233,1,10,120,2,8,6,6,1,4,1,5,4,1,9,3,14,4,1,2,2,5,1
234,1,10,120,3,8,7,6,2,4,1,6,4,1,8,3,9999,5,1,1,4,5,2
235,1,10,120,4,8,2,6,3,4,1,1,4,1,9,4,11,1,1,5,2,5,3
236,1,10,120,5,8,3,6,4,4,1,2,4,1,8,4,9999,2,1,4,2,5,4
237,1,10,120,6,8,4,6,5,4,1,3,4,1,9,5,9,3,1,3,2,5,5
238,1,10,120,7,8,5,6,6,4,1,4,4,1,8,5,9999,4,1,2,2,5,1
239,1,10,120,1,3500,8,8,8,3,9999,7,8,0,0,0,0,5,1,1,4,5,2
240,1,10,120,1,3500,6,12,8,3,9999,5,4,2,0,0,0,1,1,5,2,5,3
241,1,5,20,10,180,1,4000,4,5,3,8,2,9999,0,0,0,2,1,4,2,5,4
242,1,2,12,8,10,4,20,1,3,3,7,5,1,0,0,0,3,1,3,2,5,5
243,1,3,12,4,10,0,0,9,3,11,0,0,0,8,4,9999,4,1,2,2,5,1
244,1,4,15,2,10,0,0,9,3,11,0,0,0,8,4,9999,5,1,1,4,5,2
245,1,5,12,3,12,0,0,9,3,11,0,0,0,8,4,9999,1,1,5,2,5,3
246,1,6,15,4,15,0,0,9,3,11,0,0,0,8,4,9999,2,1,4,2,5,4
247,1,7,15,5,20,0,0,8,3,9999,4,5,1,0,0,0,3,1,3,2,5,5
248,1,8,20,6,10,2,10,7,5,3,9,3,11,0,0,0,4,1,2,2,5,1
249,1,3,25,7,10,4,10,8,4,9999,0,0,0,0,0,0,5,1,1,4,5,2
250,1,10,150,4,10,3,10,8,4,9999,3,5,1,0,0,0,1,1,5,2,5,3
251,1,7,4,5,20,1,3500,8,5,9999,4,5,3,0,0,0,2,1,4,2,5,4
252,1,3,10,8,20,1,4000,8,5,9999,7,5,3,0,0,0,3,1,3,2,5,5
253,1,1,4000,8,4,10,150,7,4,0,8,6,9999,9,3,12,4,1,2,2,5,1
254,1,10,150,6,10,3,10,8,6,9999,9,3,11,0,0,0,5,1,1,4,5,2
255,1,10,150,2,12,4,10,8,6,9999,9,3,11,0,0,0,1,1,5,2,5,3
256,1,4,6,3,12,10,150,8,2,9999,2,4,3,3,2,3,2,1,4,2,5,4
257,1,5,6,4,6,8,10,7,5,1,8,4,9999,9,3,14,3,1,3,2,5,5
258,1,6,6,5,6,10,150,0,0,0,8,4,9999,9,3,14,4,1,2,2,5,1
259,1,7,10,6,10,10,150,6,2,4,8,5,9999,9,3,14,5,1,1,4,5,2
260,1,8,12,7,6,10,150,7,6,1,8,5,9999,9,3,14,1,1,5,2,5,3
261,1,5,10,10,120,1,3000,4,5,1,8,6,9999,9,3,14,2,1,4,2,5,4
262,1,2,7,8,6,10,120,7,3,1,8,6,9999,9,3,14,3,1,3,2,5,5
263,1,4,15,5,12,6,10,8,4,9999,0,0,0,9,4,14,4,1,2,2,5,1
264,1,2,15,3,12,7,12,8,4,9999,0,0,0,9,4,14,5,1,1,4,5,2
265,1,6,15,5,12,2,15,8,4,9999,0,0,0,9,4,14,1,1,5,2,5,3
266,1,8,12,2,12,6,20,7,4,2,8,5,9999,1,3,4,2,1,4,2,5,4
267,1,10,120,5,15,8,4,8,4,9999,7,2,1,4,3,4,3,1,3,2,5,5
268,1,10,120,3,15,1,4000,8,4,9999,2,3,4,0,0,0,4,1,2,2,5,1
269,1,10,120,5,15,4,12,8,4,9999,4,3,4,3,3,4,5,1,1,4,5,2
270,1,10,120,3,15,8,15,8,4,9999,5,3,4,7,5,2,1,1,5,2,5,3
271,1,10,120,5,15,8,15,8,4,9999,4,3,4,7,5,2,2,1,4,2,5,4
272,1,10,120,2,20,8,15,1,3,4,8,4,9999,7,5,2,3,1,3,2,5,5
273,1,10,150,1,3000,8,8,8,4,9999,7,8,0,9,4,11,4,1,2,2,5,1
274,1,10,120,1,3500,6,6,8,4,9999,5,2,2,9,4,11,5,1,1,4,5,2
275,1,10,120,1,3500,7,8,8,5,9999,6,2,3,9,4,11,1,1,5,2,5,3
276,1,10,120,1,3500,8,8,8,5,9999,7,4,1,9,4,11,2,1,4,2,5,4
277,1,10,120,1,3500,0,0,8,6,9999,9,3,11,8,5,9999,3,1,3,2,5,5
278,1,10,120,1,4000,2,8,1,4,1,0,0,0,0,0,0,4,1,2,2,5,1
279,1,10,100,1,3500,0,0,9,4,11,8,5,9999,0,0,0,5,1,1,4,5,2
280,1,10,120,5,10,1,3000,4,5,1,8,5,9999,0,0,0,1,1,5,2,5,3
281,1,10,120,8,6,1,3000,8,2,9999,7,6,0,0,0,0,2,1,4,2,5,4
282,1,10,120,4,10,1,3000,8,2,9999,3,2,4,0,0,0,3,1,3,2,5,5
283,1,10,120,2,10,1,3000,8,2,9999,1,2,4,9,2,14,4,1,2,2,5,1
284,1,10,120,3,4,1,3000,8,2,9999,2,2,1,9,2,14,5,1,1,4,5,2
285,1,10,120,4,5,1,3200,8,3,9999,3,1,4,9,3,14,1,1,5,2,5,3
286,1,10,120,5,6,1,3200,8,3,9999,4,6,0,9,3,14,2,1,4,2,5,4
287,1,10,120,6,6,1,3200,8,3,9999,5,6,0,9,4,14,3,1,3,2,5,5
288,1,10,120,7,6,1,3200,8,4,9999,6,6,0,9,4,14,4,1,2,2,5,1
289,1,10,120,4,6,1,3500,8,4,9999,3,6,0,9,4,14,5,1,1,4,5,2
290,1,10,120,7,8,1,3500,8,4,9999,6,5,1,9,5,14,1,1,5,2,5,3
291,1,10,120,6,8,1,3500,8,4,9999,5,5,1,9,5,14,2,1,4,2,5,4
292,1,10,120,2,8,1,3500,8,5,9999,1,4,2,9,5,14,3,1,3,2,5,5
293,1,10,120,3,10,1,3500,8,5,9999,2,4,2,9,4,14,4,1,2,2,5,1
294,1,10,120,4,10,1,3500,8,5,9999,3,4,2,9,4,14,5,1,1,4,5,2
295,1,10,120,5,10,1,3500,8,6,9999,4,5,2,9,3,14,1,1,5,2,5,3
296,1,10,120,6,12,1,3500,8,6,9999,5,5,2,9,3,14,2,1,4,2,5,4
297,1,10,120,7,12,1,3500,8,6,9999,6,5,2,9,3,14,3,1,3,2,5,5
298,1,10,120,6,12,1,3500,8,6,9999,5,5,3,9,2,14,4,1,2,2,5,1
299,1,10,120,2,15,1,4000,8,6,9999,1,5,3,9,5,14,5,1,1,4,5,2
300,1,10,150,8,12,1,4000,8,4,9999,7,6,1,9,5,14,1,1,5,2,5,3
301,1,6,12,5,12,8,12,5,2,5,4,2,5,7,2,5,2,1,4,2,7,4
302,1,2,12,3,12,1,4000,1,2,5,2,2,5,0,0,0,3,1,3,2,7,5
303,1,4,12,5,12,6,15,3,2,5,4,2,5,0,0,0,4,1,2,2,7,1
304,1,2,12,3,15,7,15,1,2,5,2,2,5,0,0,0,5,1,1,4,7,2
305,1,6,15,5,15,2,15,5,2,5,4,2,5,0,0,0,1,1,5,2,7,3
306,1,1,4000,2,15,6,15,1,2,5,5,2,5,0,0,0,2,1,4,2,7,4
307,1,10,60,4,6,2,6,3,1,5,1,1,5,0,0,0,3,1,3,2,7,5
308,1,10,60,7,6,5,6,6,1,5,4,1,5,0,0,0,4,1,2,2,7,1
309,1,10,60,2,6,6,6,1,1,5,5,1,5,0,0,0,5,1,1,4,7,2
310,1,10,60,3,6,7,6,2,1,5,6,1,5,0,0,0,1,1,5,2,7,3
311,1,10,60,4,6,2,6,3,1,5,1,1,5,0,0,0,2,1,4,2,7,4
312,1,10,60,5,6,3,6,4,1,5,2,1,5,0,0,0,3,1,3,2,7,5
313,1,10,60,6,6,4,6,5,1,5,3,1,5,0,0,0,4,1,2,2,7,1
314,1,10,60,7,6,5,6,6,1,5,4,1,5,0,0,0,5,1,1,4,7,2
315,1,10,100,1,3500,8,4,8,3,9999,7,4,0,0,0,0,1,1,5,2,7,3
316,1,10,100,1,3500,6,6,8,3,9999,5,2,2,0,0,0,2,1,4,2,7,4
317,1,10,100,1,3500,7,8,8,3,9999,6,2,3,0,0,0,3,1,3,2,7,5
318,1,10,100,1,3500,8,8,8,3,9999,7,4,1,0,0,0,4,1,2,2,7,1
319,1,10,100,1,3500,0,0,8,3,9999,9,3,11,0,0,0,5,1,1,4,7,2
320,1,10,100,1,4000,2,8,1,4,1,0,0,0,0,0,0,1,1,5,2,7,3
321,1,10,90,1,3500,0,0,9,4,11,0,0,0,0,0,0,2,1,4,2,7,4
322,1,6,15,5,15,8,15,8,4,9999,7,5,2,4,3,4,3,1,3,2,7,5
323,1,2,15,3,15,1,3500,8,4,9999,2,3,4,0,0,0,4,1,2,2,7,1
324,1,4,15,5,15,6,15,8,4,9999,4,3,4,5,3,4,5,1,1,4,7,2
325,1,2,15,3,15,7,15,8,4,9999,1,3,4,2,3,4,1,1,5,2,7,3
326,1,6,15,5,15,2,15,8,4,9999,5,3,4,4,3,4,2,1,4,2,7,4
327,1,8,15,2,15,6,15,7,5,2,8,4,9999,1,3,4,3,1,3,2,7,5
328,1,10,120,5,15,8,4,8,4,9999,7,2,1,4,3,4,4,1,2,2,7,1
329,1,10,120,3,15,1,3500,8,4,9999,2,3,4,0,0,0,5,1,1,4,7,2
330,1,10,120,5,15,4,12,8,4,9999,4,3,4,3,3,4,1,1,5,2,7,3
331,1,10,120,3,15,6,12,8,4,9999,5,3,4,2,3,4,2,1,4,2,7,4
332,1,10,120,5,15,7,15,8,4,9999,6,3,4,4,3,4,3,1,3,2,7,5
333,1,10,120,2,15,3,15,2,3,4,8,4,9999,1,3,4,4,1,2,2,7,1
334,1,1,5000,10,120,0,0,8,4,9999,0,0,0,0,0,0,5,1,1,4,7,2
335,1,8,15,2,15,6,15,8,4,9999,7,5,2,9,3,11,1,1,5,2,7,3
336,1,10,180,5,15,8,15,8,4,9999,7,5,2,0,0,0,2,1,4,2,7,4
337,1,6,15,3,15,1,3500,8,4,9999,9,3,11,0,0,0,3,1,3,2,7,5
338,1,7,15,5,15,4,15,8,4,9999,9,3,11,0,0,0,4,1,2,2,7,1
339,1,4,15,3,15,6,15,8,4,9999,9,3,11,0,0,0,5,1,1,4,7,2
340,1,6,15,5,15,7,15,9,3,11,8,4,9999,0,0,0,1,1,5,2,7,3
341,1,7,15,2,15,1,4500,9,3,11,8,4,9999,0,0,0,2,1,4,2,7,4
342,1,10,180,3,15,1,3500,8,5,9999,1,5,2,0,0,0,3,1,3,2,7,5
343,1,10,180,5,15,8,15,8,5,9999,4,5,2,7,5,3,4,1,2,2,7,1
344,1,10,180,3,15,6,15,8,5,9999,2,5,2,0,0,0,5,1,1,4,7,2
345,1,10,180,5,15,7,15,8,5,9999,4,5,2,6,2,1,1,1,5,2,7,3
346,1,10,180,2,15,3,15,8,5,9999,1,5,2,0,0,0,2,1,4,2,7,4
347,1,3,20,8,15,0,0,7,5,2,0,0,0,8,3,9999,3,1,3,2,7,5
348,1,5,20,8,15,0,0,7,5,2,0,0,0,8,3,9999,4,1,2,2,7,1
349,1,2,20,8,15,0,0,7,5,2,0,0,0,8,3,9999,5,1,1,4,7,2
350,1,10,150,1,3000,8,10,7,5,1,8,3,9999,0,0,0,1,1,5,2,7,3
351,1,10,200,1,3500,8,12,8,3,9999,7,6,1,0,0,0,2,1,4,2,7,4
352,1,10,200,1,4000,2,15,8,3,9999,1,5,2,0,0,0,3,1,3,2,7,5
353,1,10,200,1,4500,7,15,8,4,9999,6,5,2,0,0,0,4,1,2,2,7,1
354,1,10,200,1,5000,8,15,8,4,9999,7,5,2,0,0,0,5,1,1,4,7,2
355,1,10,200,1,5500,6,15,8,4,9999,5,5,2,0,0,0,1,1,5,2,7,3
356,1,10,200,1,5500,7,15,8,5,9999,6,5,2,9,3,11,2,1,4,2,7,4
357,1,10,200,1,5500,3,15,8,5,9999,2,5,2,9,3,11,3,1,3,2,7,5
358,1,10,180,8,15,0,0,8,5,9999,7,5,2,9,3,11,4,1,2,2,7,1
359,1,10,180,8,15,0,0,8,5,9999,7,5,2,0,0,0,5,1,1,4,7,2
360,1,10,180,8,15,0,0,8,3,9999,7,5,2,0,0,0,1,1,5,2,7,3
361,1,6,15,3,15,1,3500,5,5,2,2,5,2,0,0,0,2,1,4,2,7,4
362,1,7,15,5,15,4,15,6,5,2,4,5,2,8,4,9999,3,1,3,2,7,5
363,1,10,180,1,4500,8,12,7,4,2,8,3,9999,0,0,0,4,1,2,2,7,1
364,1,3,20,8,15,0,0,7,5,2,2,4,4,8,5,9999,5,1,1,4,7,2
365,1,5,20,8,15,0,0,7,5,2,4,4,4,8,5,9999,1,1,5,2,7,3
366,1,2,20,8,15,0,0,7,5,2,1,4,4,8,4,9999,2,1,4,2,7,4
367,1,10,180,1,4000,2,15,1,5,2,0,0,0,8,4,9999,3,1,3,2,7,5
368,1,10,180,1,4000,7,15,6,5,2,0,0,0,8,3,9999,4,1,2,2,7,1
369,1,7,20,5,20,4,20,4,4,4,6,4,4,8,6,9999,5,1,1,4,7,2
370,1,3,15,2,20,6,20,2,4,4,2,4,4,8,6,9999,1,1,5,2,7,3
371,1,6,15,3,20,1,3500,5,5,2,2,5,2,0,0,0,2,1,4,2,7,4
372,1,7,15,5,20,4,15,6,5,2,4,5,2,8,3,9999,3,1,3,2,7,5
373,1,2,15,1,3000,8,15,7,3,4,8,7,9999,0,0,0,4,1,2,2,7,1
374,1,3,15,7,15,10,180,6,5,2,2,5,2,8,5,9999,5,1,1,4,7,2
375,1,5,15,6,15,10,180,5,5,2,4,5,2,8,5,9999,1,1,5,2,7,3
376,1,2,15,4,15,10,180,3,5,2,1,5,2,8,5,9999,2,1,4,2,7,4
377,1,10,180,0,0,2,25,1,5,4,0,0,0,8,3,9999,3,1,3,2,7,5
378,1,10,180,0,0,7,25,6,5,4,0,0,0,8,3,9999,4,1,2,2,7,1
379,1,7,20,5,20,4,20,4,4,4,6,4,4,8,5,9999,5,1,1,4,7,2
380,1,3,20,2,20,6,20,2,4,4,2,4,4,8,5,9999,1,1,5,2,7,3
381,1,6,10,3,10,1,3500,8,6,9999,0,0,0,0,0,0,2,1,4,2,7,4
382,1,7,12,5,10,4,10,8,6,9999,0,0,0,0,0,0,3,1,3,2,7,5
383,1,2,12,1,2500,8,12,8,6,9999,7,4,2,0,0,0,4,1,2,2,7,1
384,1,3,15,7,15,10,180,8,7,9999,0,0,0,0,0,0,5,1,1,4,7,2
385,1,5,15,6,15,10,180,8,7,9999,0,0,0,0,0,0,1,1,5,2,7,3
386,1,2,15,4,15,10,180,8,7,9999,0,0,0,0,0,0,2,1,4,2,7,4
387,1,0,0,0,0,2,25,8,7,9999,9,3,11,0,0,0,3,1,3,2,7,5
388,1,0,0,0,0,7,25,8,5,9999,9,4,11,0,0,0,4,1,2,2,7,1
389,1,7,20,5,20,4,20,8,6,9999,0,0,0,0,0,0,5,1,1,4,7,2
390,1,3,20,2,20,6,20,8,6,9999,0,0,0,0,0,0,1,1,5,2,7,3
391,1,8,10,3,10,1,3500,7,5,1,8,7,9999,0,0,0,2,1,4,2,7,4
392,1,7,12,5,10,4,10,8,7,9999,0,0,0,0,0,0,3,1,3,2,7,5
393,1,2,10,1,2500,8,20,8,7,9999,7,5,3,0,0,0,4,1,2,2,7,1
394,1,8,12,1,2500,10,200,8,7,9999,9,5,10,7,3,3,5,1,1,4,7,2
395,1,7,12,1,3000,10,120,8,7,9999,6,3,3,0,0,0,1,1,5,2,7,3
396,1,5,12,1,3000,10,120,8,7,9999,4,3,3,0,0,0,2,1,4,2,7,4
397,1,10,90,1,3000,6,10,8,7,9999,0,0,0,0,0,0,3,1,3,2,7,5
398,1,5,12,1,4000,7,25,8,7,9999,9,4,10,0,0,0,4,1,2,2,7,1
399,1,7,20,5,20,4,20,8,6,9999,0,0,0,0,0,0,5,1,1,4,7,2
400,1,3,20,2,20,6,20,8,5,9999,9,4,10,0,0,0,1,1,5,2,7,3
401,1,10,120,2,10,5,5,9,3,10,0,0,0,0,0,0,2,1,4,2,7,4
402,1,10,120,5,10,6,5,7,6,0,9,3,10,0,0,0,3,1,3,2,7,5
403,1,10,120,6,10,7,7,0,0,0,0,0,0,0,0,0,4,1,2,2,7,1
404,1,10,120,1,3000,0,0,8,3,9999,0,0,0,0,0,0,5,1,1,4,7,2
405,1,10,120,6,5,3,5,1,5,0,5,5,0,0,0,0,1,1,5,2,7,3
406,1,10,120,2,7,4,7,2,3,1,1,1,3,3,3,1,2,1,4,2,7,4
407,1,10,120,3,8,5,6,3,3,1,2,4,1,4,2,1,3,1,3,2,7,5
408,1,10,120,4,10,0,0,4,2,4,3,5,1,0,0,0,4,1,2,2,7,1
409,1,10,120,5,5,3,5,5,2,4,4,5,0,2,5,0,5,1,1,4,7,2
410,1,10,120,6,6,3,6,6,2,2,5,2,2,8,2,9999,1,1,5,2,7,3
411,1,10,120,7,5,2,5,7,5,1,6,4,0,1,4,0,2,1,4,2,7,4
412,1,10,120,5,10,1,2000,4,5,1,8,2,9999,0,0,0,3,1,3,2,7,5
413,1,10,120,8,6,4,6,1,6,0,7,6,0,0,0,0,4,1,2,2,7,1
414,1,10,100,4,10,0,0,9,1,10,3,2,4,0,0,0,5,1,1,4,7,2
415,1,10,100,2,10,0,0,3,5,1,9,2,10,1,1,3,1,1,5,2,7,3
416,1,10,100,3,10,0,0,4,3,2,2,2,1,2,2,4,2,1,4,2,7,4
417,1,10,100,4,10,0,0,3,2,4,5,2,4,8,5,9999,3,1,3,2,7,5
418,1,10,100,5,10,0,0,8,5,9999,4,5,1,0,0,0,4,1,2,2,7,1
419,1,10,100,6,5,2,5,7,5,1,9,2,10,0,0,0,5,1,1,4,7,2
420,1,10,100,7,5,4,5,8,5,9999,0,0,0,0,0,0,1,1,5,2,7,3
421,1,10,100,4,10,3,5,3,5,1,2,5,0,8,5,9999,2,1,4,2,7,4
422,1,10,100,7,10,5,10,9,3,10,0,0,0,0,0,0,3,1,3,2,7,5
423,1,10,100,1,3000,6,10,2,5,1,5,2,4,0,0,0,4,1,2,2,7,1
424,1,10,90,3,10,7,10,3,5,1,2,2,4,0,0,0,5,1,1,4,7,2
425,1,10,90,4,10,2,10,4,2,4,1,5,0,0,0,0,1,1,5,2,7,3
426,1,10,90,5,10,3,10,5,5,2,4,2,4,0,0,0,2,1,4,2,7,4
427,1,10,90,6,10,4,10,9,3,10,0,0,0,0,0,0,3,1,3,2,7,5
428,1,10,90,7,10,5,10,7,5,1,8,5,9999,0,0,0,4,1,2,2,7,1
429,1,10,90,2,10,6,10,4,5,2,1,5,2,0,0,0,5,1,1,4,7,2
430,1,10,90,6,5,7,10,2,4,3,5,5,1,0,0,0,1,1,5,2,7,3
431,1,10,60,4,12,2,12,3,1,11,1,1,11,0,0,0,2,1,4,2,7,4
432,1,10,60,7,12,5,12,6,1,11,4,1,11,0,0,0,3,1,3,2,7,5
433,1,10,60,2,12,6,12,1,1,11,5,1,11,0,0,0,4,1,2,2,7,1
434,1,10,60,3,12,7,12,2,1,11,6,1,11,0,0,0,5,1,1,4,7,2
435,1,10,60,4,12,2,12,3,1,11,1,1,11,0,0,0,1,1,5,2,7,3
436,1,10,60,5,12,3,12,4,1,11,2,1,11,0,0,0,2,1,4,2,7,4
437,1,10,60,6,12,4,12,5,1,11,3,1,11,0,0,0,3,1,3,2,7,5
438,1,10,60,7,12,5,12,6,1,11,4,1,11,0,0,0,4,1,2,2,7,1
439,1,10,100,1,3500,8,8,8,3,9999,7,8,0,0,0,0,5,1,1,4,7,2
440,1,10,100,1,3500,6,12,8,3,9999,5,4,2,0,0,0,1,1,5,2,7,3
441,1,5,20,10,150,1,4500,4,5,3,8,2,9999,0,0,0,2,1,4,2,7,4
442,1,2,20,8,20,4,20,1,4,4,7,5,3,0,0,0,3,1,3,2,7,5
443,1,3,20,4,20,0,0,9,3,10,0,0,0,8,4,9999,4,1,2,2,7,1
444,1,4,20,2,20,0,0,9,3,10,0,0,0,8,4,9999,5,1,1,4,7,2
445,1,5,20,3,20,0,0,9,3,10,0,0,0,8,4,9999,1,1,5,2,7,3
446,1,6,20,4,20,0,0,9,3,10,0,0,0,8,4,9999,2,1,4,2,7,4
447,1,7,20,5,20,0,0,8,5,9999,4,5,1,0,0,0,3,1,3,2,7,5
448,1,8,20,6,20,2,20,7,5,3,9,3,10,0,0,0,4,1,2,2,7,1
449,1,3,25,7,20,4,20,8,6,9999,0,0,0,0,0,0,5,1,1,4,7,2
450,1,10,120,4,10,3,10,8,6,9999,0,0,0,0,0,0,1,1,5,2,7,3
451,1,7,20,5,20,1,5000,8,6,9999,0,0,0,0,0,0,2,1,4,2,7,4
452,1,3,20,8,20,1,5000,8,6,9999,7,5,3,0,0,0,3,1,3,2,7,5
453,1,1,4000,8,4,10,120,7,4,0,8,6,9999,9,3,12,4,1,2,2,7,1
454,1,10,120,6,10,3,10,8,6,9999,9,3,10,0,0,0,5,1,1,4,7,2
455,1,10,120,2,12,4,10,8,6,9999,9,3,10,0,0,0,1,1,5,2,7,3
456,1,4,6,3,12,10,120,3,2,3,2,4,3,8,6,9999,2,1,4,2,7,4
457,1,5,6,4,6,8,10,7,5,1,8,6,9999,9,3,10,3,1,3,2,7,5
458,1,6,6,5,6,10,120,0,0,0,8,6,9999,9,3,10,4,1,2,2,7,1
459,1,7,10,6,10,10,120,6,2,4,8,6,9999,9,3,10,5,1,1,4,7,2
460,1,8,12,7,6,10,120,7,6,1,8,6,9999,9,3,10,1,1,5,2,7,3
461,1,5,10,10,90,1,3000,4,5,1,8,6,9999,9,3,10,2,1,4,2,7,4
462,1,2,7,8,6,10,120,7,3,1,8,6,9999,9,3,10,3,1,3,2,7,5
463,1,4,15,5,15,6,15,8,4,9999,0,0,0,9,4,12,4,1,2,2,7,1
464,1,2,15,3,15,7,15,8,4,9999,0,0,0,9,4,12,5,1,1,4,7,2
465,1,6,15,5,15,2,15,8,4,9999,0,0,0,9,4,12,1,1,5,2,7,3
466,1,8,15,2,15,6,15,7,5,2,8,4,9999,1,3,4,2,1,4,2,7,4
467,1,10,120,5,20,8,4,8,4,9999,7,2,1,4,3,4,3,1,3,2,7,5
468,1,10,120,3,20,1,4000,8,4,9999,2,3,4,0,0,0,4,1,2,2,7,1
469,1,10,120,5,20,4,12,8,4,9999,4,3,4,3,3,4,5,1,1,4,7,2
470,1,10,120,3,20,8,15,8,4,9999,5,3,4,7,5,2,1,1,5,2,7,3
471,1,10,120,5,20,8,15,8,4,9999,4,3,4,7,5,2,2,1,4,2,7,4
472,1,10,120,2,20,8,15,1,3,4,8,4,9999,7,5,2,3,1,3,2,7,5
473,1,10,100,1,3500,8,8,8,5,9999,7,8,0,9,4,11,4,1,2,2,7,1
474,1,10,100,1,3500,6,6,8,5,9999,5,2,2,9,4,11,5,1,1,4,7,2
475,1,10,100,1,3500,7,8,8,5,9999,6,2,3,9,4,11,1,1,5,2,7,3
476,1,10,100,1,3500,8,8,8,5,9999,7,4,1,9,4,11,2,1,4,2,7,4
477,1,10,100,1,3500,0,0,8,5,9999,9,3,11,8,5,9999,3,1,3,2,7,5
478,1,10,100,1,4000,2,8,1,4,1,0,0,0,0,0,0,4,1,2,2,7,1
479,1,10,90,1,3500,0,0,9,4,10,8,5,9999,0,0,0,5,1,1,4,7,2
480,1,10,90,5,10,1,3000,4,5,1,8,5,9999,0,0,0,1,1,5,2,7,3
481,1,10,120,8,6,1,3000,8,6,9999,7,6,0,0,0,0,2,1,4,2,7,4
482,1,10,120,4,10,1,3000,8,6,9999,3,2,4,0,0,0,3,1,3,2,7,5
483,1,10,120,2,10,1,3000,8,6,9999,1,2,4,9,5,14,4,1,2,2,7,1
484,1,10,120,3,4,1,3000,8,6,9999,2,2,1,9,5,14,5,1,1,4,7,2
485,1,10,120,4,5,1,3200,8,7,9999,3,1,4,9,5,14,1,1,5,2,7,3
486,1,10,120,5,6,1,3200,8,7,9999,4,6,0,9,5,14,2,1,4,2,7,4
487,1,10,100,6,6,1,3200,8,7,9999,5,6,0,9,4,14,3,1,3,2,7,5
488,1,10,100,7,6,1,3200,8,7,9999,6,6,0,9,4,14,4,1,2,2,7,1
489,1,10,100,4,6,1,3500,8,7,9999,3,6,0,9,4,14,5,1,1,4,7,2
490,1,10,100,7,10,1,3500,8,8,9999,6,5,1,9,4,11,1,1,5,2,7,3
491,1,10,100,6,10,1,3500,8,8,9999,5,5,1,9,4,11,2,1,4,2,7,4
492,1,10,100,2,12,1,3500,8,8,9999,1,4,2,9,4,11,3,1,3,2,7,5
493,1,10,90,3,12,1,3500,8,8,9999,2,4,2,9,4,11,4,1,2,2,7,1
494,1,10,90,4,12,1,3500,8,8,9999,3,4,2,9,4,10,5,1,1,4,7,2
495,1,10,90,5,15,1,3500,8,8,9999,4,5,2,9,4,10,1,1,5,2,7,3
496,1,10,90,6,15,1,3500,8,6,9999,5,5,2,9,4,10,2,1,4,2,7,4
497,1,10,90,7,15,1,3500,8,6,9999,6,5,2,9,4,10,3,1,3,2,7,5
498,1,10,90,6,20,1,3500,8,6,9999,5,5,3,9,5,9,4,1,2,2,7,1
499,1,10,90,2,20,1,3500,8,6,9999,1,5,3,9,5,9,5,1,1,4,7,2
500,1,10,120,8,14,1,4000,8,6,9999,7,7,1,9,5,9,1,1,5,2,7,3
501,1,10,180,1,3000,6,15,8,6,9999,6,3,3,0,0,0,1,1,5,2,10,4
502,1,5,12,1,5000,7,20,8,6,9999,4,3,3,0,0,0,2,1,4,2,10,5
503,1,7,25,5,25,4,25,8,10,9999,0,0,0,0,0,0,3,1,3,2,10,1
504,1,10,180,3,20,1,5000,8,5,9999,9,2,14,0,0,0,4,1,2,2,10,2
505,1,8,4,6,10,2,5,8,6,9999,9,2,14,7,4,0,5,1,1,4,10,3
506,1,3,5,7,10,4,5,8,6,9999,9,2,14,0,0,0,1,1,5,2,10,4
507,1,10,180,3,5,4,5,8,6,9999,9,2,14,0,0,0,2,1,4,2,10,5
508,1,6,5,7,10,5,5,8,6,9999,9,2,14,0,0,0,3,1,3,2,10,1
509,1,2,5,4,10,6,5,8,6,9999,9,2,14,0,0,0,4,1,2,2,10,2
510,1,3,5,6,10,7,5,8,6,9999,9,2,14,0,0,0,5,1,1,4,10,3
511,1,4,5,3,10,2,5,8,6,9999,9,2,14,0,0,0,1,1,5,2,10,4
512,1,5,5,2,8,3,5,8,6,9999,9,2,14,0,0,0,2,1,4,2,10,5
513,1,6,5,7,10,4,7,8,6,9999,9,2,14,0,0,0,3,1,3,2,10,1
514,1,7,5,2,10,5,5,8,6,9999,9,2,12,0,0,0,4,1,2,2,10,2
515,1,8,6,5,10,6,5,8,8,9999,9,2,12,7,3,1,5,1,1,4,10,3
516,1,3,7,6,10,7,7,8,8,9999,9,2,12,0,0,0,1,1,5,2,10,4
517,1,10,120,1,3000,0,0,8,8,9999,9,2,12,0,0,0,2,1,4,2,10,5
518,1,2,5,6,5,3,5,8,8,9999,9,3,12,0,0,0,3,1,3,2,10,1
519,1,3,7,2,7,4,7,8,8,9999,9,3,12,0,0,0,4,1,2,2,10,2
520,1,4,6,3,8,5,6,8,8,9999,9,3,12,0,0,0,5,1,1,4,10,3
521,1,5,10,4,10,0,0,8,8,9999,9,3,12,0,0,0,1,1,5,2,10,4
522,1,6,10,5,5,3,5,8,8,9999,9,3,12,0,0,0,2,1,4,2,10,5
523,1,7,6,6,6,3,6,8,8,9999,9,3,12,0,0,0,3,1,3,2,10,1
524,1,8,10,7,5,2,5,8,8,9999,9,3,12,7,5,1,4,1,2,2,10,2
525,1,5,10,10,120,1,2000,8,8,9999,9,3,12,0,0,0,5,1,1,4,10,3
526,1,2,6,8,6,4,6,8,8,9999,9,3,12,7,6,0,1,1,5,2,10,4
527,1,3,10,4,10,0,0,8,10,9999,9,3,12,0,0,0,2,1,4,2,10,5
528,1,4,10,2,10,0,0,8,10,9999,9,3,10,0,0,0,3,1,3,2,10,1
529,1,5,10,3,10,0,0,8,10,9999,9,3,10,0,0,0,4,1,2,2,10,2
530,1,6,10,4,10,0,0,8,10,9999,9,3,10,0,0,0,5,1,1,4,10,3
531,1,7,10,5,10,0,0,8,10,9999,9,2,10,0,0,0,1,1,5,2,10,4
532,1,8,10,6,5,2,5,8,10,9999,9,2,10,7,5,1,2,1,4,2,10,5
533,1,3,5,7,5,4,5,8,10,9999,9,2,10,0,0,0,3,1,3,2,10,1
534,1,10,120,4,10,3,5,8,10,9999,9,2,10,0,0,0,4,1,2,2,10,2
535,1,2,10,7,10,5,10,8,10,9999,9,2,10,0,0,0,5,1,1,4,10,3
536,1,3,10,1,3000,6,10,8,10,9999,9,2,10,0,0,0,1,1,5,2,10,4
537,1,4,10,3,10,7,10,8,10,9999,9,2,10,0,0,0,2,1,4,2,10,5
538,1,5,10,4,10,2,10,8,10,9999,9,2,10,0,0,0,3,1,3,2,10,1
539,1,6,10,5,10,3,10,8,12,9999,9,2,10,0,0,0,4,1,2,2,10,2
540,1,7,10,6,10,4,10,8,12,9999,9,2,10,0,0,0,5,1,1,4,10,3
541,1,8,10,7,10,5,10,8,12,9999,9,3,10,7,5,1,1,1,5,2,10,4
542,1,5,10,2,10,6,10,8,12,9999,9,3,9,0,0,0,2,1,4,2,10,5
543,1,3,12,6,5,7,10,8,12,9999,9,3,9,0,0,0,3,1,3,2,10,1
544,1,1,4000,8,4,2,5,8,12,9999,9,3,9,7,4,0,4,1,2,2,10,2
545,1,10,120,6,10,3,10,8,12,9999,9,3,9,0,0,0,5,1,1,4,10,3
546,1,10,120,2,12,4,10,8,12,9999,9,3,9,0,0,0,1,1,5,2,10,4
547,1,4,6,3,12,5,12,8,12,9999,9,3,9,0,0,0,2,1,4,2,10,5
548,1,5,6,4,6,8,10,8,12,9999,9,3,9,7,5,1,3,1,3,2,10,1
549,1,6,6,5,6,3,6,8,12,9999,9,3,9,0,0,0,4,1,2,2,10,2
550,1,7,10,6,10,2,10,8,12,9999,9,3,9,0,0,0,5,1,1,4,10,3
551,1,8,12,7,6,5,6,8,12,9999,9,3,9,7,6,2,1,1,5,2,10,4
552,1,5,10,10,90,1,3000,8,12,9999,9,3,9,0,0,0,2,1,4,2,10,5
553,1,2,7,8,6,6,10,8,12,9999,9,3,9,7,6,0,3,1,3,2,10,1
554,1,3,10,4,10,5,10,8,12,9999,9,4,9,0,0,0,4,1,2,2,10,2
555,1,4,10,2,10,4,10,8,12,9999,9,4,9,0,0,0,5,1,1,4,10,3
556,1,5,4,3,4,10,60,8,12,9999,9,4,9,0,0,0,1,1,5,2,10,4
557,1,6,5,4,5,7,6,8,12,9999,9,4,14,0,0,0,2,1,4,2,10,5
558,1,7,6,5,6,3,6,8,12,9999,9,4,14,0,0,0,3,1,3,2,10,1
559,1,8,6,6,6,2,6,8,12,9999,9,4,14,7,6,0,4,1,2,2,10,2
560,1,3,6,7,6,4,6,8,12,9999,9,4,14,0,0,0,5,1,1,4,10,3
561,1,2,7,8,4,6,7,8,5,9999,9,5,14,7,4,0,1,1,5,2,10,4
562,1,3,5,4,5,5,5,8,6,9999,9,5,14,0,0,0,2,1,4,2,10,5
563,1,6,5,2,10,4,5,8,6,9999,9,5,14,0,0,0,3,1,3,2,10,1
564,1,6,5,3,10,5,5,8,6,9999,9,5,14,0,0,0,4,1,2,2,10,2
565,1,5,5,4,10,6,5,8,6,9999,9,5,14,0,0,0,5,1,1,4,10,3
566,1,3,5,5,10,7,5,8,6,9999,9,5,14,0,3,1,1,1,5,2,10,4
567,1,8,10,6,10,2,5,8,6,9999,9,5,14,7,2,4,2,1,4,2,10,5
568,1,3,5,7,10,4,5,8,6,9999,9,5,14,0,0,0,3,1,3,2,10,1
569,1,10,180,3,5,4,5,8,6,9999,9,5,14,0,0,0,4,1,2,2,10,2
570,1,6,5,7,10,5,5,8,6,9999,9,5,14,0,0,0,5,1,1,4,10,3
571,1,2,5,4,10,6,5,8,6,9999,9,5,14,0,0,0,1,1,5,2,10,4
572,1,3,5,6,10,7,5,8,8,9999,9,5,14,0,0,0,2,1,4,2,10,5
573,1,4,5,3,10,2,5,8,8,9999,9,5,14,0,0,0,3,1,3,2,10,1
574,1,5,5,2,8,3,5,8,8,9999,9,5,14,0,0,0,4,1,2,2,10,2
575,1,6,5,7,10,4,7,8,8,9999,9,5,14,0,0,0,5,1,1,4,10,3
576,1,7,5,2,10,5,5,8,8,9999,9,3,12,0,0,0,1,1,5,2,10,4
577,1,8,6,5,10,6,5,8,8,9999,9,3,12,7,3,1,2,1,4,2,10,5
578,1,3,7,6,10,7,7,8,8,9999,9,3,12,0,0,0,3,1,3,2,10,1
579,1,10,120,1,3000,0,0,8,8,9999,9,3,12,0,0,0,4,1,2,2,10,2
580,1,2,5,6,5,3,5,8,8,9999,9,3,12,0,0,0,5,1,1,4,10,3
581,1,3,7,2,7,4,7,8,8,9999,9,3,12,0,0,0,1,1,5,2,10,4
582,1,4,6,3,8,5,6,8,8,9999,9,3,12,0,0,0,2,1,4,2,10,5
583,1,5,10,4,10,0,0,8,8,9999,9,3,12,0,0,0,3,1,3,2,10,1
584,1,6,10,5,5,3,5,8,10,9999,9,3,12,0,0,0,4,1,2,2,10,2
585,1,7,6,6,6,3,6,8,10,9999,9,3,12,0,0,0,5,1,1,4,10,3
586,1,8,10,7,5,2,5,8,10,9999,9,3,12,7,5,1,1,1,5,2,10,4
587,1,5,10,10,120,1,2000,8,10,9999,9,3,12,0,0,0,2,1,4,2,10,5
588,1,2,6,8,6,4,6,8,10,9999,9,2,12,7,3,1,3,1,3,2,10,1
589,1,3,10,4,10,0,0,8,10,9999,9,2,12,0,0,0,4,1,2,2,10,2
590,1,4,10,2,10,0,0,8,10,9999,9,2,12,0,0,0,5,1,1,4,10,3
591,1,5,10,3,10,0,0,8,10,9999,9,2,12,0,0,0,1,1,5,2,10,4
592,1,6,10,4,10,0,0,8,10,9999,9,2,12,0,0,0,2,1,4,2,10,5
593,1,7,10,5,10,0,0,8,10,9999,9,2,12,0,0,0,3,1,3,2,10,1
594,1,8,10,6,5,2,5,8,10,9999,9,2,12,7,5,1,4,1,2,2,10,2
595,1,3,5,7,5,4,5,8,10,9999,9,2,12,0,0,0,5,1,1,4,10,3
596,1,10,120,4,10,3,5,8,12,9999,9,2,12,0,0,0,1,1,5,2,10,4
597,1,2,10,7,10,5,10,8,12,9999,9,2,12,0,0,0,2,1,4,2,10,5
598,1,3,10,1,3000,6,10,8,12,9999,9,3,12,0,0,0,3,1,3,2,10,1
599,1,4,10,3,10,7,10,8,12,9999,9,3,12,0,0,0,4,1,2,2,10,2
600,1,5,10,4,10,2,10,8,12,9999,9,3,12,0,0,0,5,1,1,4,10,3
601,1,6,10,5,10,3,10,8,12,9999,9,3,12,0,0,0,1,1,5,2,10,4
602,1,7,10,6,10,4,10,8,12,9999,9,3,12,0,0,0,2,1,4,2,10,5
603,1,8,12,7,10,5,10,8,12,9999,9,3,12,7,6,1,3,1,3,2,10,1
604,1,5,10,2,10,6,10,8,12,9999,9,3,12,0,0,0,4,1,2,2,10,2
605,1,3,12,6,5,7,10,8,12,9999,9,3,12,0,0,0,5,1,1,4,10,3
606,1,1,4000,8,4,2,5,8,12,9999,9,3,12,7,4,0,1,1,5,2,10,4
607,1,10,150,6,10,3,10,8,12,9999,9,3,12,0,0,0,2,1,4,2,10,5
608,1,10,150,2,12,4,10,8,12,9999,9,3,12,0,0,0,3,1,3,2,10,1
609,1,4,6,3,12,5,12,8,12,9999,9,3,12,0,0,0,4,1,2,2,10,2
610,1,5,6,4,6,8,10,8,12,9999,9,3,12,7,5,1,5,1,1,4,10,3
611,1,6,6,5,6,3,6,8,12,9999,9,4,12,0,0,0,1,1,5,2,10,4
612,1,7,10,6,10,2,10,8,12,9999,9,4,12,0,0,0,2,1,4,2,10,5
613,1,8,12,7,6,5,6,8,12,9999,9,4,12,7,6,1,3,1,3,2,10,1
614,1,5,10,10,90,1,3000,8,12,9999,9,4,12,0,0,0,4,1,2,2,10,2
615,1,2,7,8,6,6,10,8,12,9999,9,4,12,7,3,1,5,1,1,4,10,3
616,1,3,10,4,10,5,10,8,12,9999,9,4,11,0,0,0,1,1,5,2,10,4
617,1,4,10,2,10,4,10,8,12,9999,9,4,11,0,0,0,2,1,4,2,10,5
618,1,5,4,3,4,10,60,8,5,9999,9,2,11,0,0,0,3,1,3,2,10,1
619,1,6,5,4,5,7,6,8,6,9999,9,2,11,0,0,0,4,1,2,2,10,2
620,1,7,6,5,6,3,6,8,6,9999,9,2,11,0,0,0,5,1,1,4,10,3
621,1,8,6,6,6,2,6,8,6,9999,9,2,11,7,3,1,1,1,5,2,10,4
622,1,3,6,7,6,4,6,8,6,9999,9,2,11,0,0,0,2,1,4,2,10,5
623,1,10,60,4,6,2,6,8,6,9999,9,2,11,0,0,0,3,1,3,2,10,1
624,1,10,60,7,3,5,3,8,6,9999,9,2,11,0,0,0,4,1,2,2,10,2
625,1,10,60,2,3,6,3,8,6,9999,9,2,11,0,0,0,5,1,1,4,10,3
626,1,10,60,3,3,7,3,8,6,9999,9,2,11,0,0,0,1,1,5,2,10,4
627,1,10,60,4,3,2,3,8,6,9999,9,2,11,0,0,0,2,1,4,2,10,5
628,1,10,60,5,4,3,4,8,6,9999,9,2,11,0,0,0,3,1,3,2,10,1
629,1,10,60,6,4,4,4,8,8,9999,9,2,11,0,0,0,4,1,2,2,10,2
630,1,10,60,7,4,5,4,8,8,9999,9,2,11,0,0,0,5,1,1,4,10,3
631,1,10,60,8,4,6,4,8,8,9999,9,2,11,7,4,0,1,1,5,2,10,4
632,1,10,60,3,4,7,4,8,8,9999,9,3,11,0,0,0,2,1,4,2,10,5
633,1,10,90,1,3500,0,0,8,8,9999,9,3,11,0,0,0,3,1,3,2,10,1
634,1,10,90,4,6,6,6,8,8,9999,9,3,11,0,0,0,4,1,2,2,10,2
635,1,10,90,3,6,2,6,8,8,9999,9,3,11,0,0,0,5,1,1,4,10,3
636,1,2,5,8,4,6,5,8,8,9999,9,3,11,7,4,0,1,1,5,2,10,4
637,1,3,5,4,5,5,5,8,8,9999,9,3,11,0,0,0,2,1,4,2,10,5
638,1,6,5,2,10,4,5,8,8,9999,9,3,11,0,0,0,3,1,3,2,10,1
639,1,6,5,3,10,5,5,8,8,9999,9,3,11,0,0,0,4,1,2,2,10,2
640,1,5,5,4,10,6,5,8,8,9999,9,3,11,0,0,0,5,1,1,4,10,3
641,1,3,5,5,10,7,5,8,10,9999,9,3,11,0,0,0,1,1,5,2,10,4
642,1,8,16,6,10,2,5,8,10,9999,9,3,11,7,4,3,2,1,4,2,10,5
643,1,3,5,7,10,4,5,8,10,9999,9,3,11,0,0,0,3,1,3,2,10,1
644,1,10,180,3,5,4,5,8,10,9999,9,3,11,0,0,0,4,1,2,2,10,2
645,1,6,5,7,10,5,5,8,10,9999,9,2,11,0,0,0,5,1,1,4,10,3
646,1,2,5,4,10,6,5,8,10,9999,9,2,9,0,0,0,1,1,5,2,10,4
647,1,3,5,6,10,7,5,8,10,9999,9,2,9,0,0,0,2,1,4,2,10,5
648,1,4,5,3,10,2,5,8,10,9999,9,2,9,0,0,0,3,1,3,2,10,1
649,1,5,5,2,8,3,5,8,10,9999,9,2,9,0,0,0,4,1,2,2,10,2
650,1,6,5,7,10,4,7,8,10,9999,9,2,9,0,0,0,5,1,1,4,10,3
651,1,7,5,2,10,5,5,8,10,9999,9,2,9,0,0,0,1,1,5,2,10,4
652,1,8,12,5,10,6,5,8,10,9999,9,2,9,7,3,3,2,1,4,2,10,5
653,1,3,7,6,10,7,7,8,12,9999,9,2,9,0,0,0,3,1,3,2,10,1
654,1,10,120,1,3000,0,0,8,12,9999,9,2,9,0,0,0,4,1,2,2,10,2
655,1,2,5,6,5,3,5,8,12,9999,9,3,9,0,0,0,5,1,1,4,10,3
656,1,3,7,2,7,4,7,8,12,9999,9,3,9,0,0,0,1,1,5,2,10,4
657,1,4,6,3,8,5,6,8,12,9999,9,3,9,0,0,0,2,1,4,2,10,5
658,1,5,10,4,10,0,0,8,12,9999,9,3,9,0,0,0,3,1,3,2,10,1
659,1,6,10,5,5,3,5,8,12,9999,9,3,9,0,0,0,4,1,2,2,10,2
660,1,7,6,6,6,3,6,8,12,9999,9,3,9,0,0,0,5,1,1,4,10,3
661,1,8,10,7,5,2,5,8,12,9999,9,3,9,7,5,1,1,1,5,2,10,4
662,1,5,10,10,120,1,2000,8,12,9999,9,3,9,0,0,0,2,1,4,2,10,5
663,1,2,6,8,6,4,6,8,12,9999,9,3,9,7,3,1,3,1,3,2,10,1
664,1,3,10,4,10,0,0,8,12,9999,9,3,9,0,0,0,4,1,2,2,10,2
665,1,4,10,2,10,0,0,8,12,9999,9,3,9,0,0,0,5,1,1,4,10,3
666,1,5,10,3,10,0,0,8,12,9999,9,3,9,0,0,0,1,1,5,2,10,4
667,1,6,10,4,10,0,0,8,12,9999,9,3,9,0,0,0,2,1,4,2,10,5
668,1,7,10,5,10,0,0,8,12,9999,9,2,9,0,0,0,3,1,3,2,10,1
669,1,8,10,6,5,2,5,8,12,9999,9,2,9,7,2,4,4,1,2,2,10,2
670,1,3,5,7,5,4,5,8,12,9999,9,2,9,0,0,0,5,1,1,4,10,3
671,1,10,120,4,10,3,5,8,12,9999,9,2,9,0,0,0,1,1,5,2,10,4
672,1,2,10,7,10,5,10,8,12,9999,9,2,9,0,0,0,2,1,4,2,10,5
673,1,3,10,1,3000,6,10,8,12,9999,9,2,9,0,0,0,3,1,3,2,10,1
674,1,4,10,3,10,7,10,8,12,9999,9,2,9,0,0,0,4,1,2,2,10,2
675,1,5,10,4,10,2,10,8,5,9999,9,2,9,0,0,0,5,1,1,4,10,3
676,1,6,10,5,10,3,10,8,6,9999,9,2,9,0,0,0,1,1,5,2,10,4
677,1,7,10,6,10,4,10,8,6,9999,9,2,9,0,0,0,2,1,4,2,10,5
678,1,8,20,7,10,5,10,8,6,9999,9,2,9,7,5,3,3,1,3,2,10,1
679,1,5,10,2,10,6,10,8,6,9999,9,2,9,0,0,0,4,1,2,2,10,2
680,1,3,12,6,5,7,10,8,6,9999,9,2,9,0,0,0,5,1,1,4,10,3
681,1,1,4000,8,14,2,5,8,6,9999,9,2,9,7,2,6,1,1,5,2,10,4
682,1,10,120,6,10,3,10,8,6,9999,9,2,9,0,0,0,2,1,4,2,10,5
683,1,10,120,2,12,4,10,8,6,9999,9,2,9,0,0,0,3,1,3,2,10,1
684,1,4,6,3,12,5,12,8,6,9999,9,2,9,0,0,0,4,1,2,2,10,2
685,1,5,6,4,6,8,10,8,6,9999,9,2,9,7,5,1,5,1,1,4,10,3
686,1,2,5,8,4,6,5,8,8,9999,9,2,9,7,4,0,1,1,5,2,10,4
687,1,3,5,4,5,5,5,8,8,9999,9,2,9,0,0,0,2,1,4,2,10,5
688,1,6,5,2,10,4,5,8,8,9999,9,2,11,0,0,0,3,1,3,2,10,1
689,1,6,5,3,10,5,5,8,8,9999,9,3,11,0,0,0,4,1,2,2,10,2
690,1,5,5,4,10,6,5,8,8,9999,9,3,11,0,0,0,5,1,1,4,10,3
691,1,3,5,5,10,7,5,8,8,9999,9,3,11,0,0,0,1,1,5,2,10,4
692,1,8,4,6,10,2,5,8,8,9999,9,3,11,7,4,0,2,1,4,2,10,5
693,1,3,5,7,10,4,5,8,8,9999,9,3,11,0,0,0,3,1,3,2,10,1
694,1,10,180,3,5,4,5,8,8,9999,9,3,11,0,0,0,4,1,2,2,10,2
695,1,6,5,7,10,5,5,8,8,9999,9,3,11,0,0,0,5,1,1,4,10,3
696,1,2,5,4,10,6,5,8,8,9999,9,3,11,0,0,0,1,1,5,2,10,4
697,1,3,5,6,10,7,5,8,8,9999,9,3,11,0,0,0,2,1,4,2,10,5
698,1,4,5,3,10,2,5,8,10,9999,9,3,11,0,0,0,3,1,3,2,10,1
699,1,5,5,2,8,3,5,8,10,9999,9,3,11,0,0,0,4,1,2,2,10,2
700,1,6,5,7,10,4,7,8,10,9999,9,3,11,0,0,0,5,1,1,4,10,3
